id,generated
0000aaaa,0.00091884163
1111bbbb,0.0008931107
2222cccc,0.00087941805
